-- ==========================================
-- V2__seed_test_data.sql
-- Seed realistic test data for API testing
-- ==========================================

-- ==========================================
-- 1. SEED BUILDINGS (5 buildings)
-- ==========================================
INSERT INTO buildings (id, name, address, created_at) VALUES
('650e8400-e29b-41d4-a716-446655440001', 'Downtown Tower', '123 Main Street, Downtown, NY', NOW() - INTERVAL '90 days'),
('650e8400-e29b-41d4-a716-446655440002', 'Airport Plaza', '456 Aviation Boulevard, Airport, CA', NOW() - INTERVAL '85 days'),
('650e8400-e29b-41d4-a716-446655440003', 'Mall Central', '789 Shopping Lane, Mall District, TX', NOW() - INTERVAL '80 days'),
('650e8400-e29b-41d4-a716-446655440004', 'Business Park', '321 Corporate Drive, Tech Hub, WA', NOW() - INTERVAL '75 days'),
('650e8400-e29b-41d4-a716-446655440005', 'Hospital Garage', '555 Medical Center Lane, Health District, FL', NOW() - INTERVAL '70 days');

-- ==========================================
-- 2. SEED FLOORS (20 floors total)
-- ==========================================
INSERT INTO floors (id, building_id, floor_number, capacity, created_at) VALUES
('750e8400-e29b-41d4-a716-446655440001', '650e8400-e29b-41d4-a716-446655440001', 1, 40, NOW() - INTERVAL '90 days'),
('750e8400-e29b-41d4-a716-446655440002', '650e8400-e29b-41d4-a716-446655440001', 2, 40, NOW() - INTERVAL '90 days'),
('750e8400-e29b-41d4-a716-446655440003', '650e8400-e29b-41d4-a716-446655440001', 3, 40, NOW() - INTERVAL '90 days'),
('750e8400-e29b-41d4-a716-446655440004', '650e8400-e29b-41d4-a716-446655440001', 4, 40, NOW() - INTERVAL '90 days'),
('750e8400-e29b-41d4-a716-446655440005', '650e8400-e29b-41d4-a716-446655440001', 5, 40, NOW() - INTERVAL '90 days'),
('750e8400-e29b-41d4-a716-446655440006', '650e8400-e29b-41d4-a716-446655440002', 1, 60, NOW() - INTERVAL '85 days'),
('750e8400-e29b-41d4-a716-446655440007', '650e8400-e29b-41d4-a716-446655440002', 2, 60, NOW() - INTERVAL '85 days'),
('750e8400-e29b-41d4-a716-446655440008', '650e8400-e29b-41d4-a716-446655440002', 3, 60, NOW() - INTERVAL '85 days'),
('750e8400-e29b-41d4-a716-446655440009', '650e8400-e29b-41d4-a716-446655440003', 1, 50, NOW() - INTERVAL '80 days'),
('750e8400-e29b-41d4-a716-446655440010', '650e8400-e29b-41d4-a716-446655440003', 2, 50, NOW() - INTERVAL '80 days'),
('750e8400-e29b-41d4-a716-446655440011', '650e8400-e29b-41d4-a716-446655440003', 3, 50, NOW() - INTERVAL '80 days'),
('750e8400-e29b-41d4-a716-446655440012', '650e8400-e29b-41d4-a716-446655440003', 4, 50, NOW() - INTERVAL '80 days'),
('750e8400-e29b-41d4-a716-446655440013', '650e8400-e29b-41d4-a716-446655440004', 1, 45, NOW() - INTERVAL '75 days'),
('750e8400-e29b-41d4-a716-446655440014', '650e8400-e29b-41d4-a716-446655440004', 2, 45, NOW() - INTERVAL '75 days'),
('750e8400-e29b-41d4-a716-446655440015', '650e8400-e29b-41d4-a716-446655440004', 3, 45, NOW() - INTERVAL '75 days'),
('750e8400-e29b-41d4-a716-446655440016', '650e8400-e29b-41d4-a716-446655440004', 4, 45, NOW() - INTERVAL '75 days'),
('750e8400-e29b-41d4-a716-446655440017', '650e8400-e29b-41d4-a716-446655440004', 5, 45, NOW() - INTERVAL '75 days'),
('750e8400-e29b-41d4-a716-446655440018', '650e8400-e29b-41d4-a716-446655440004', 6, 45, NOW() - INTERVAL '75 days'),
('750e8400-e29b-41d4-a716-446655440019', '650e8400-e29b-41d4-a716-446655440005', 1, 30, NOW() - INTERVAL '70 days'),
('750e8400-e29b-41d4-a716-446655440020', '650e8400-e29b-41d4-a716-446655440005', 2, 30, NOW() - INTERVAL '70 days');

-- ==========================================
-- 3. SEED PARKING SPOTS (40 on Downtown Floor 1)
-- ==========================================
INSERT INTO parking_spots (id, floor_id, spot_number, type, status, created_at) VALUES
('850e8400-e29b-41d4-a716-446655440001', '750e8400-e29b-41d4-a716-446655440001', 'A1', 'REGULAR', 'AVAILABLE', NOW() - INTERVAL '90 days'),
('850e8400-e29b-41d4-a716-446655440002', '750e8400-e29b-41d4-a716-446655440001', 'A2', 'REGULAR', 'OCCUPIED', NOW() - INTERVAL '90 days'),
('850e8400-e29b-41d4-a716-446655440003', '750e8400-e29b-41d4-a716-446655440001', 'A3', 'REGULAR', 'AVAILABLE', NOW() - INTERVAL '90 days'),
('850e8400-e29b-41d4-a716-446655440004', '750e8400-e29b-41d4-a716-446655440001', 'A4', 'REGULAR', 'RESERVED', NOW() - INTERVAL '90 days'),
('850e8400-e29b-41d4-a716-446655440005', '750e8400-e29b-41d4-a716-446655440001', 'A5', 'REGULAR', 'AVAILABLE', NOW() - INTERVAL '90 days'),
('850e8400-e29b-41d4-a716-446655440006', '750e8400-e29b-41d4-a716-446655440001', 'A6', 'REGULAR', 'AVAILABLE', NOW() - INTERVAL '90 days'),
('850e8400-e29b-41d4-a716-446655440007', '750e8400-e29b-41d4-a716-446655440001', 'A7', 'REGULAR', 'OCCUPIED', NOW() - INTERVAL '90 days'),
('850e8400-e29b-41d4-a716-446655440008', '750e8400-e29b-41d4-a716-446655440001', 'A8', 'REGULAR', 'AVAILABLE', NOW() - INTERVAL '90 days'),
('850e8400-e29b-41d4-a716-446655440009', '750e8400-e29b-41d4-a716-446655440001', 'A9', 'REGULAR', 'AVAILABLE', NOW() - INTERVAL '90 days'),
('850e8400-e29b-41d4-a716-446655440010', '750e8400-e29b-41d4-a716-446655440001', 'A10', 'REGULAR', 'MAINTENANCE', NOW() - INTERVAL '90 days'),
('850e8400-e29b-41d4-a716-446655440011', '750e8400-e29b-41d4-a716-446655440001', 'V1', 'VIP', 'AVAILABLE', NOW() - INTERVAL '90 days'),
('850e8400-e29b-41d4-a716-446655440012', '750e8400-e29b-41d4-a716-446655440001', 'V2', 'VIP', 'OCCUPIED', NOW() - INTERVAL '90 days'),
('850e8400-e29b-41d4-a716-446655440013', '750e8400-e29b-41d4-a716-446655440001', 'V3', 'VIP', 'AVAILABLE', NOW() - INTERVAL '90 days'),
('850e8400-e29b-41d4-a716-446655440014', '750e8400-e29b-41d4-a716-446655440001', 'V4', 'VIP', 'AVAILABLE', NOW() - INTERVAL '90 days'),
('850e8400-e29b-41d4-a716-446655440015', '750e8400-e29b-41d4-a716-446655440001', 'V5', 'VIP', 'RESERVED', NOW() - INTERVAL '90 days'),
('850e8400-e29b-41d4-a716-446655440016', '750e8400-e29b-41d4-a716-446655440001', 'H1', 'HANDICAP', 'AVAILABLE', NOW() - INTERVAL '90 days'),
('850e8400-e29b-41d4-a716-446655440017', '750e8400-e29b-41d4-a716-446655440001', 'H2', 'HANDICAP', 'AVAILABLE', NOW() - INTERVAL '90 days'),
('850e8400-e29b-41d4-a716-446655440018', '750e8400-e29b-41d4-a716-446655440001', 'H3', 'HANDICAP', 'OCCUPIED', NOW() - INTERVAL '90 days'),
('850e8400-e29b-41d4-a716-446655440019', '750e8400-e29b-41d4-a716-446655440001', 'EV1', 'EV_CHARGING', 'AVAILABLE', NOW() - INTERVAL '90 days'),
('850e8400-e29b-41d4-a716-446655440020', '750e8400-e29b-41d4-a716-446655440001', 'EV2', 'EV_CHARGING', 'AVAILABLE', NOW() - INTERVAL '90 days'),
('850e8400-e29b-41d4-a716-446655440021', '750e8400-e29b-41d4-a716-446655440001', 'EV3', 'EV_CHARGING', 'OCCUPIED', NOW() - INTERVAL '90 days'),
('850e8400-e29b-41d4-a716-446655440022', '750e8400-e29b-41d4-a716-446655440001', 'B1', 'REGULAR', 'AVAILABLE', NOW() - INTERVAL '90 days'),
('850e8400-e29b-41d4-a716-446655440023', '750e8400-e29b-41d4-a716-446655440001', 'B2', 'REGULAR', 'AVAILABLE', NOW() - INTERVAL '90 days'),
('850e8400-e29b-41d4-a716-446655440024', '750e8400-e29b-41d4-a716-446655440001', 'B3', 'REGULAR', 'AVAILABLE', NOW() - INTERVAL '90 days'),
('850e8400-e29b-41d4-a716-446655440025', '750e8400-e29b-41d4-a716-446655440001', 'B4', 'REGULAR', 'OCCUPIED', NOW() - INTERVAL '90 days'),
('850e8400-e29b-41d4-a716-446655440026', '750e8400-e29b-41d4-a716-446655440001', 'B5', 'REGULAR', 'AVAILABLE', NOW() - INTERVAL '90 days'),
('850e8400-e29b-41d4-a716-446655440027', '750e8400-e29b-41d4-a716-446655440001', 'B6', 'REGULAR', 'AVAILABLE', NOW() - INTERVAL '90 days'),
('850e8400-e29b-41d4-a716-446655440028', '750e8400-e29b-41d4-a716-446655440001', 'B7', 'REGULAR', 'AVAILABLE', NOW() - INTERVAL '90 days'),
('850e8400-e29b-41d4-a716-446655440029', '750e8400-e29b-41d4-a716-446655440001', 'B8', 'REGULAR', 'AVAILABLE', NOW() - INTERVAL '90 days'),
('850e8400-e29b-41d4-a716-446655440030', '750e8400-e29b-41d4-a716-446655440001', 'B9', 'REGULAR', 'RESERVED', NOW() - INTERVAL '90 days'),
('850e8400-e29b-41d4-a716-446655440031', '750e8400-e29b-41d4-a716-446655440001', 'B10', 'REGULAR', 'AVAILABLE', NOW() - INTERVAL '90 days'),
('850e8400-e29b-41d4-a716-446655440032', '750e8400-e29b-41d4-a716-446655440001', 'C1', 'REGULAR', 'AVAILABLE', NOW() - INTERVAL '90 days'),
('850e8400-e29b-41d4-a716-446655440033', '750e8400-e29b-41d4-a716-446655440001', 'C2', 'REGULAR', 'AVAILABLE', NOW() - INTERVAL '90 days'),
('850e8400-e29b-41d4-a716-446655440034', '750e8400-e29b-41d4-a716-446655440001', 'C3', 'REGULAR', 'AVAILABLE', NOW() - INTERVAL '90 days'),
('850e8400-e29b-41d4-a716-446655440035', '750e8400-e29b-41d4-a716-446655440001', 'C4', 'REGULAR', 'OCCUPIED', NOW() - INTERVAL '90 days'),
('850e8400-e29b-41d4-a716-446655440036', '750e8400-e29b-41d4-a716-446655440001', 'C5', 'REGULAR', 'AVAILABLE', NOW() - INTERVAL '90 days'),
('850e8400-e29b-41d4-a716-446655440037', '750e8400-e29b-41d4-a716-446655440001', 'C6', 'REGULAR', 'AVAILABLE', NOW() - INTERVAL '90 days'),
('850e8400-e29b-41d4-a716-446655440038', '750e8400-e29b-41d4-a716-446655440001', 'C7', 'REGULAR', 'AVAILABLE', NOW() - INTERVAL '90 days'),
('850e8400-e29b-41d4-a716-446655440039', '750e8400-e29b-41d4-a716-446655440001', 'C8', 'REGULAR', 'MAINTENANCE', NOW() - INTERVAL '90 days'),
('850e8400-e29b-41d4-a716-446655440040', '750e8400-e29b-41d4-a716-446655440001', 'C9', 'REGULAR', 'AVAILABLE', NOW() - INTERVAL '90 days');


